_lowerFrequency,_higherFrequency,_term,_status,_shortComments
8300,9000,Meteorological Aids,primary,
9000,11300,Meteorological Aids,primary,
9000,11300,Radionavigation,primary,
11300,14000,Radionavigation,primary,
14000,19950,Fixed,primary,
14000,19950,Maritime Mobile,primary,
19950,20050,Standard Frequency and Time Signal,primary,
20050,70000,Fixed,primary,
20050,70000,Maritime Mobile,primary,
70000,72000,Radionavigation,primary,
72000,84000,Fixed,primary,
72000,84000,Maritime Mobile,primary,
72000,84000,Radionavigation,primary,
84000,86000,Radionavigation,primary,
86000,90000,Radionavigation,primary,
86000,90000,Maritime Mobile,primary,
86000,90000,Fixed,primary,
90000,110000,Radionavigation,primary,
90000,110000,Fixed,secondary,
110000,112000,Fixed,primary,
110000,112000,Maritime Mobile,primary,
110000,112000,Radionavigation,primary,
112000,115000,Radionavigation,primary,
115000,117600,Radionavigation,primary,
115000,117600,Fixed,secondary,
115000,117600,Maritime Mobile,secondary,
117600,126000,Fixed,primary,
117600,126000,Maritime Mobile,primary,
117600,126000,Radionavigation,primary,
126000,129000,Radionavigation,primary,
129000,130000,Fixed,primary,
129000,130000,Maritime Mobile,primary,
129000,130000,Radionavigation,primary,
130000,135700,Fixed,primary,
130000,135700,Maritime Mobile,primary,
135700,137800,Fixed,primary,
135700,137800,Maritime Mobile,primary,
135700,137800,Amateur,secondary,
137800,148500,Fixed,primary,
137800,148500,Maritime Mobile,primary,
148500,255000,Broadcasting,primary,
255000,283500,Aeronautical Radionavigation,primary,
255000,283500,Broadcasting,primary,
283500,315000,Aeronautical Radionavigation,primary,
283500,315000,Maritime Radionavigation (Radiobeacons),primary,
315000,325000,Aeronautical Radionavigation,primary,
315000,325000,Maritime Radionavigation,secondary,
325000,405000,Aeronautical Radionavigation,primary,
405000,415000,Radionavigation,primary,
415000,435000,Aeronautical Radionavigation,primary,
415000,435000,Maritime Mobile,primary,
435000,472000,Aeronautical Radionavigation,primary,
435000,472000,Maritime Mobile,primary,
472000,479000,Aeronautical Radionavigation,primary,
472000,479000,Maritime Mobile,primary,
479000,495000,Aeronautical Radionavigation,primary,
479000,495000,Maritime Mobile,primary,
495000,505000,Mobile,primary,
505000,526500,Aeronautical Radionavigation,primary,
505000,526500,Maritime Mobile,primary,
526500,1606500,Broadcasting,primary,
1606500,1625000,Fixed,primary,
1606500,1625000,Land Mobile,primary,
1606500,1625000,Maritime Mobile,primary,
1606500,1625000,Radiolocation,secondary,
1625000,1635000,Radiolocation,primary,
1635000,1800000,Fixed,primary,
1635000,1800000,Land Mobile,primary,
1635000,1800000,Maritime Mobile,primary,
1800000,1810000,Radiolocation,primary,
1810000,1850000,Amateur,primary,
1850000,2000000,Fixed,primary,
1850000,2000000,Mobile except aeronautical mobile (R),primary,
1850000,2000000,Amateur,secondary,
2000000,2025000,Mobile except aeronautical mobile (R),primary,
2000000,2025000,Fixed,primary,
2025000,2045000,Fixed,primary,
2025000,2045000,Mobile except aeronautical mobile (R),primary,
2045000,2160000,Fixed,primary,
2045000,2160000,Land Mobile,primary,
2045000,2160000,Maritime Mobile,primary,
2160000,2170000,Radiolocation,primary,
2170000,2173500,Land Mobile,primary,
2170000,2173500,Maritime Mobile,primary,
2173500,2190500,Mobile (distress and calling),primary,
2190500,2194000,Land Mobile,primary,
2190500,2194000,Maritime Mobile,primary,
2194000,2300000,Fixed,primary,
2194000,2300000,Mobile except aeronautical mobile (R),primary,
2300000,2498000,Mobile except aeronautical mobile (R),primary,
2300000,2498000,Fixed,primary,
2498000,2501000,Standard Frequency and Time Signal,primary,
2501000,2502000,Standard Frequency and Time Signal,primary,
2502000,2625000,Mobile except aeronautical mobile (R),primary,
2502000,2625000,Fixed,primary,
2625000,2650000,Land Mobile,primary,
2625000,2650000,Maritime Mobile,primary,
2625000,2650000,Maritime Radionavigation,secondary,
2650000,2850000,Fixed,primary,
2650000,2850000,Mobile except aeronautical mobile (R),primary,
2850000,3025000,Aeronautical Mobile (R),primary,
3025000,3155000,Aeronautical Mobile (OR),primary,
3155000,3200000,Mobile except aeronautical mobile (R),primary,
3155000,3200000,Fixed,primary,
3200000,3230000,Fixed,primary,
3200000,3230000,Mobile except aeronautical mobile (R),primary,
3230000,3400000,Fixed,primary,
3230000,3400000,Mobile except aeronautical mobile,primary,
3400000,3500000,Aeronautical Mobile (R),primary,
3500000,3800000,Amateur,primary,
3500000,3800000,Fixed,primary,
3500000,3800000,Mobile except aeronautical mobile,primary,
3800000,3900000,Aeronautical Mobile (OR),primary,
3800000,3900000,Fixed,primary,
3800000,3900000,Land Mobile,primary,
3900000,3950000,Aeronautical Mobile (OR),primary,
3950000,4000000,Broadcasting,primary,
3950000,4000000,Fixed,primary,
4000000,4063000,Fixed,primary,
4000000,4063000,Maritime Mobile,primary,
4063000,4438000,Maritime Mobile,primary,
4438000,4488000,Fixed,primary,
4438000,4488000,Mobile except aeronautical mobile (R),primary,
4438000,4488000,Radiolocation,secondary,
4488000,4650000,Fixed,primary,
4488000,4650000,Mobile except aeronautical mobile (R),primary,
4650000,4700000,Aeronautical Mobile (R),primary,
4700000,4750000,Aeronautical Mobile (OR),primary,
4750000,4850000,Aeronautical Mobile (OR),primary,
4750000,4850000,Fixed,primary,
4750000,4850000,Land Mobile,primary,
4850000,4995000,Fixed,primary,
4850000,4995000,Land Mobile,primary,
4995000,5003000,Standard Frequency and Time Signal (5 000 kHz),primary,
5003000,5005000,Standard Frequency and Time Signal,primary,
5003000,5005000,Space Research,secondary,
5005000,5060000,Fixed,primary,
5060000,5250000,Fixed,primary,
5060000,5250000,Mobile except aeronautical mobile,secondary,
5250000,5275000,Fixed,primary,
5250000,5275000,Mobile except aeronautical mobile,primary,
5250000,5275000,Radiolocation,secondary,
5275000,5351500,Fixed,primary,
5275000,5351500,Mobile except aeronautical mobile,primary,
5351500,5366500,Fixed,primary,
5351500,5366500,Mobile except aeronautical mobile,primary,
5351500,5366500,Amateur,secondary,
5366500,5450000,Fixed,primary,
5366500,5450000,Mobile except aeronautical mobile,primary,
5450000,5480000,Aeronautical Mobile (OR),primary,
5450000,5480000,Fixed,primary,
5450000,5480000,Land Mobile,primary,
5480000,5680000,Aeronautical Mobile (OR),primary,
5680000,5730000,Aeronautical Mobile (OR),primary,
5730000,5900000,Fixed,primary,
5730000,5900000,Land Mobile,primary,
5900000,5950000,Broadcasting,primary,
5950000,6200000,Broadcasting,primary,
6200000,6525000,Maritime Mobile,primary,
6525000,6685000,Aeronautical Mobile (R),primary,
6685000,6765000,Aeronautical Mobile (OR),primary,
6765000,7000000,Fixed,primary,
6765000,7000000,Mobile except aeronautical mobile (R),primary,
7000000,7100000,Amateur-Satellite,primary,
7000000,7100000,Amateur,primary,
7100000,7200000,Amateur,primary,
7200000,7300000,Broadcasting,primary,
7300000,7400000,Broadcasting,primary,
7400000,7450000,Broadcasting,primary,
7450000,8100000,Fixed,primary,
7450000,8100000,Mobile except aeronautical mobile (R),primary,
8100000,8195000,Fixed,primary,
8100000,8195000,Maritime Mobile,primary,
8195000,8815000,Maritime Mobile,primary,
8815000,8965000,Aeronautical Mobile (R),primary,
8965000,9040000,Aeronautical Mobile (OR),primary,
9040000,9305000,Fixed,primary,
9305000,9355000,Fixed,primary,
9305000,9355000,Radiolocation,secondary,
9355000,9400000,Fixed,primary,
9400000,9500000,Broadcasting,primary,
9500000,9900000,Broadcasting,primary,
9900000,9995000,Fixed,primary,
9995000,10003000,Standard Frequency and Time Signal (10 000 kHz),primary,
10003000,10005000,Space Research,secondary,
10003000,10005000,Standard Frequency and Time Signal,primary,
10005000,10100000,Aeronautical Mobile (R),primary,
10100000,10150000,Fixed,primary,
10100000,10150000,Amateur,secondary,
10150000,11175000,Fixed,primary,
10150000,11175000,Mobile except aeronautical mobile (R),secondary,
11175000,11275000,Aeronautical Mobile (OR),primary,
11275000,11400000,Aeronautical Mobile (R),primary,
11400000,11600000,Fixed,primary,
11600000,11650000,Broadcasting,primary,
11650000,12050000,Broadcasting,primary,
12050000,12100000,Broadcasting,primary,
12100000,12230000,Fixed,primary,
12230000,13200000,Maritime Mobile,primary,
13200000,13260000,Aeronautical Mobile (OR),primary,
13260000,13360000,Aeronautical Mobile (R),primary,
13360000,13410000,Fixed,primary,
13360000,13410000,Radio Astronomy,primary,
13410000,13450000,Fixed,primary,
13410000,13450000,Mobile except aeronautical mobile (R),secondary,
13450000,13550000,Fixed,primary,
13450000,13550000,Mobile except aeronautical mobile (R),secondary,
13450000,13550000,Radiolocation,secondary,
13550000,13570000,Fixed,primary,
13550000,13570000,Mobile except aeronautical mobile (R),secondary,
13570000,13600000,Broadcasting,primary,
13600000,13800000,Broadcasting,primary,
13800000,13870000,Broadcasting,primary,
13870000,14000000,Fixed,primary,
13870000,14000000,Mobile except aeronautical mobile (R),secondary,
14000000,14250000,Amateur,primary,
14000000,14250000,Amateur-Satellite,primary,
14250000,14350000,Amateur,primary,
14350000,14990000,Fixed,primary,
14350000,14990000,Mobile except aeronautical mobile (R),secondary,
14990000,15005000,Standard Frequency and Time Signal (15 000 KHZ),primary,
15005000,15010000,Standard Frequency and Time Signal,primary,
15005000,15010000,Space Research,secondary,
15010000,15100000,Aeronautical Mobile (OR),primary,
15100000,15600000,Broadcasting,primary,
15600000,15800000,Broadcasting,primary,
15800000,16100000,Fixed,primary,
16100000,16200000,Fixed,primary,
16100000,16200000,Radiolocation,secondary,
16200000,16360000,Fixed,primary,
16360000,17410000,Maritime Mobile,primary,
17410000,17480000,Fixed,primary,
17480000,17550000,Broadcasting,primary,
17550000,17900000,Broadcasting,primary,
17900000,17970000,Aeronautical Mobile (R),primary,
17970000,18030000,Aeronautical Mobile (OR),primary,
18030000,18052000,Fixed,primary,
18052000,18068000,Fixed,primary,
18052000,18068000,Space Research,secondary,
18068000,18168000,Amateur-Satellite,primary,
18068000,18168000,Amateur,primary,
18168000,18780000,Fixed,primary,
18168000,18780000,Mobile except aeronautical mobile,secondary,
18780000,18900000,Maritime Mobile,primary,
18900000,19020000,Broadcasting,primary,
19020000,19680000,Fixed,primary,
19680000,19800000,Maritime Mobile,primary,
19800000,19990000,Fixed,primary,
19990000,19995000,Standard Frequency and Time Signal,primary,
19990000,19995000,Space Research,secondary,
19995000,20010000,Standard Frequency and Time Signal (20 000 KHZ),primary,
20010000,21000000,Fixed,primary,
20010000,21000000,Mobile,secondary,
21000000,21450000,Amateur,primary,
21000000,21450000,Amateur-Satellite,primary,
21450000,21850000,Broadcasting,primary,
21850000,21870000,Fixed,primary,
21870000,21924000,Fixed,primary,
21924000,22000000,Aeronautical Mobile (R),primary,
22000000,22855000,Maritime Mobile,primary,
22855000,23000000,Fixed,primary,
23000000,23200000,Fixed,primary,
23000000,23200000,Mobile except aeronautical mobile (R),secondary,
23200000,23350000,Aeronautical Mobile (OR),primary,
23200000,23350000,Fixed,primary,
23350000,24000000,Fixed,primary,
23350000,24000000,Mobile except aeronautical mobile,primary,
24000000,24450000,Fixed,primary,
24000000,24450000,Land Mobile,primary,
24450000,24600000,Fixed,primary,
24450000,24600000,Land Mobile,primary,
24450000,24600000,Radiolocation,secondary,
24600000,24890000,Fixed,primary,
24600000,24890000,Land Mobile,primary,
24890000,24990000,Amateur,primary,
24890000,24990000,Amateur-Satellite,primary,
24990000,25005000,Standard Frequency and Time Signal (25 000 kHz),primary,
25005000,25010000,Standard Frequency and Time Signal,primary,
25005000,25010000,Space Research,secondary,
25010000,25070000,Fixed,primary,
25010000,25070000,Mobile except aeronautical mobile,primary,
25070000,25210000,Maritime Mobile,primary,
25210000,25550000,Fixed,primary,
25210000,25550000,Mobile except aeronautical mobile,primary,
25550000,25670000,Radio Astronomy,primary,
25670000,26100000,Broadcasting,primary,
26100000,26175000,Maritime Mobile,primary,
26175000,26200000,Fixed,primary,
26175000,26200000,Mobile except aeronautical mobile,primary,
26200000,26350000,Fixed,primary,
26200000,26350000,Mobile except aeronautical mobile,primary,
26200000,26350000,Radiolocation,secondary,
26350000,27500000,Fixed,primary,
26350000,27500000,Mobile except aeronautical mobile,primary,
27500000,28000000,Fixed,primary,
27500000,28000000,Meteorological Aids,primary,
27500000,28000000,Mobile,primary,
28000000,29700000,Amateur-Satellite,primary,
28000000,29700000,Amateur,primary,
29700000,30005000,Mobile,primary,
30005000,30010000,Mobile,primary,
30010000,37500000,Mobile,primary,
37500000,38250000,Mobile,primary,
37500000,38250000,Radio Astronomy,secondary,
38250000,39000000,Mobile,primary,
39000000,39500000,Mobile,primary,
39000000,39500000,Radiolocation,secondary,
39500000,39986000,Mobile,primary,
39986000,40020000,Mobile,primary,
39986000,40020000,Space research,primary,
40020000,40660000,Mobile,primary,
40660000,40700000,Mobile,primary,
40700000,40980000,Mobile,primary,
40980000,41015000,Mobile,primary,
40980000,41015000,Space research,secondary,
41015000,42000000,Mobile,primary,
42000000,42500000,Fixed,primary,
42000000,42500000,Mobile,primary,
42000000,42500000,Radiolocation,secondary,
42500000,44000000,Fixed,primary,
44000000,47000000,Mobile,primary,
47000000,50000000,Land Mobile,primary,
50000000,52000000,Land Mobile,primary,
50000000,52000000,Amateur,secondary,
52000000,68000000,Land Mobile,primary,
68000000,70450000,Mobile,primary,
68000000,70450000,Amateur,secondary,
70450000,74800000,Mobile except aeronautical mobile,primary,
70450000,74800000,Amateur,secondary,
70450000,74800000,Radio Astronomy,secondary,
74800000,75200000,Aeronautical Radionavigation,primary,
75200000,87500000,Mobile,primary,
87500000,100000000,Broadcasting,primary,
100000000,108000000,Broadcasting,primary,
108000000,117975000,Aeronautical Mobile (R),primary,
108000000,117975000,Aeronautical Radionavigation,primary,
117975000,121450000,Aeronautical Mobile (R),primary,
121450000,121550000,Aeronautical Mobile (R),primary,
121550000,136000000,Aeronautical Mobile (R),primary,
136000000,137000000,Aeronautical Mobile (R),primary,
137000000,137025000,Meteorological-Satellite (space-to-Earth),primary,
137000000,137025000,Mobile,primary,
137000000,137025000,Mobile-Satellite (space-to-Earth),primary,
137000000,137025000,Space Operation (space-to-Earth),primary,
137000000,137025000,Space Research (space-to-Earth),primary,
137025000,137175000,Meteorological-Satellite (space-to-Earth),primary,
137025000,137175000,Mobile,primary,
137025000,137175000,Space Operation (space-to-Earth),primary,
137025000,137175000,Space Research (space-to-Earth),primary,
137025000,137175000,Mobile-Satellite (space-to-Earth),secondary,
137175000,137825000,Meteorological-Satellite (space-to-Earth),primary,
137175000,137825000,Mobile,primary,
137175000,137825000,Mobile-Satellite (space-to-Earth),primary,
137175000,137825000,Space Operation (space-to-Earth),primary,
137175000,137825000,Space Research (space-to-Earth),primary,
137825000,138000000,Meteorological-Satellite (space-to-Earth),primary,
137825000,138000000,Mobile,primary,
137825000,138000000,Mobile-Satellite (space-to-Earth),primary,
137825000,138000000,Space Operation (space-to-Earth),primary,
137825000,138000000,Space Research (space-to-Earth),primary,
138000000,143600000,Aeronautical Mobile (OR),primary,
138000000,143600000,Land Mobile,primary,
138000000,143600000,Space Research (space-to-Earth),secondary,
143600000,143650000,Aeronautical Mobile (OR),primary,
143600000,143650000,Land Mobile,primary,
143600000,143650000,Space Research (space-to-Earth),primary,
143650000,144000000,Land Mobile,primary,
143650000,144000000,Aeronautical Mobile (OR),primary,
144000000,146000000,Amateur,primary,
144000000,146000000,Amateur-Satellite,primary,
146000000,146800000,Mobile,primary,
148000000,149900000,Mobile,primary,
148000000,149900000,Mobile-Satellite (Earth-to-space),primary,
149900000,150050000,Mobile,primary,
149900000,150050000,Mobile-Satellite (Earth-to-space),primary,
150050000,153000000,Mobile except aeronautical mobile,primary,
150050000,153000000,Radio Astronomy,primary,
153000000,154000000,Mobile except aeronautical mobile (R),primary,
154000000,156487500,Mobile except aeronautical mobile (R),primary,
156487500,156512500,Maritime Mobile (Distress and calling via DSC),primary,
156512500,156537500,Maritime Mobile (Distress and calling via DSC),primary,
156537500,156562500,Maritime Mobile (Distress and calling via DSC),primary,
156537500,156562500,Mobile except aeronautical mobile (R),primary,
156562500,156762500,Mobile except aeronautical mobile (R),primary,
156762500,156787500,Maritime Mobile (Distress and calling),primary,
156787500,156812500,Maritime Mobile (Distress and calling),primary,
156812500,156837500,Mobile except aeronautical mobile,primary,
156812500,156837500,Maritime Mobile,primary,
156837500,157187500,Mobile except aeronautical mobile,primary,
157187500,157337500,Maritime Mobile-satellite,secondary,
157187500,157337500,Mobile except aeronautical mobile,secondary,
157337500,161787500,Mobile except aeronautical mobile,primary,
161787500,161937500,Mobile except aeronautical mobile,primary,
161787500,161937500,Maritime Mobile-Satellite,secondary,
161937500,161962500,Mobile except aeronautical mobile,primary,
161937500,161962500,Maritime Mobile-Satellite (Earth-to-space),secondary,
161962500,161987500,Mobile except aeronautical mobile,primary,
161962500,161987500,Maritime Mobile-Satellite (Earth-to-space),secondary,
161987500,162012500,Maritime Mobile-Satellite (Earth-to-space),primary,
161987500,162012500,Mobile except aeronautical mobile,primary,
162012500,162037500,Mobile except aeronautical mobile,primary,
162037500,169400000,Mobile except aeronautical mobile,secondary,
169400000,169812500,Mobile except aeronautical mobile,primary,
169812500,174000000,Mobile except aeronautical mobile,secondary,
174000000,223000000,Broadcasting,primary,
174000000,223000000,Land Mobile,primary,
223000000,225000000,Broadcasting,primary,
225000000,230000000,Broadcasting,primary,
225000000,230000000,Land Mobile,secondary,
230000000,235000000,Mobile,primary,
235000000,240000000,Mobile,primary,
240000000,242950000,Mobile,primary,
242950000,243050000,Aeronautical Mobile,primary,
243050000,267000000,Mobile,primary,
267000000,272000000,Mobile,primary,
272000000,273000000,Mobile,primary,
273000000,312000000,Mobile,primary,
312000000,315000000,Mobile,primary,
315000000,322000000,Mobile,primary,
322000000,328600000,Mobile,primary,
322000000,328600000,Radio Astronomy,primary,
328600000,335400000,Aeronautical Radionavigation,primary,
335400000,380000000,Mobile,primary,
380000000,385000000,Mobile,primary,
385000000,387000000,Mobile,primary,
387000000,390000000,Mobile,primary,
390000000,395000000,Mobile,primary,
395000000,399900000,Mobile,primary,
399900000,400050000,Mobile-Satellite (Earth-to-space),primary,
400050000,400150000,Standard Frequency and Time Signal-Satellite (400.1 MHz),primary,
400150000,401000000,Meteorological Aids,primary,
400150000,401000000,Meteorological-Satellite (space-to-Earth),primary,
400150000,401000000,Mobile-Satellite (space-to-Earth),primary,
400150000,401000000,Space Operation (space-to-Earth),primary,
400150000,401000000,Space Research (space-to-Earth),primary,
401000000,402000000,Earth Exploration-Satellite (Earth-to-space),primary,
401000000,402000000,Meteorological Aids,primary,
401000000,402000000,Meteorological-Satellite (Earth-to-space),primary,
402000000,403000000,Earth Exploration-Satellite (Earth-to-space),primary,
402000000,403000000,Meteorological Aids,primary,
402000000,403000000,Meteorological-Satellite (Earth-to-space),primary,
403000000,406000000,Meteorological Aids,primary,
406000000,406100000,Mobile-Satellite (Earth-to-space),primary,
406100000,410000000,Land Mobile,primary,
406100000,410000000,Radio Astronomy,primary,
410000000,420000000,Mobile except aeronautical mobile,primary,
420000000,430000000,Mobile except aeronautical mobile,primary,
420000000,430000000,Radiolocation,secondary,
430000000,432000000,Amateur,primary,
430000000,432000000,Radiolocation,primary,
432000000,433050000,Amateur,primary,
432000000,433050000,Radiolocation,primary,
432000000,433050000,Earth Exploration-Satellite (active),secondary,
433050000,434790000,Amateur,primary,
433050000,434790000,Radiolocation,primary,
433050000,434790000,Earth Exploration-Satellite (active),secondary,
433050000,434790000,Land Mobile,secondary,
434790000,438000000,Amateur,primary,
434790000,438000000,Radiolocation,primary,
434790000,438000000,Earth Exploration-Satellite (active),secondary,
438000000,440000000,Amateur,primary,
438000000,440000000,Radiolocation,primary,
440000000,450000000,Mobile except aeronautical mobile,primary,
440000000,450000000,Radiolocation,secondary,
450000000,455000000,Mobile,primary,
455000000,456000000,Mobile,primary,
456000000,459000000,Mobile,primary,
459000000,460000000,Mobile,primary,
460000000,470000000,Mobile,primary,
470000000,694000000,Broadcasting,primary,
470000000,694000000,Mobile,secondary,
694000000,790000000,Mobile except aeronautical mobile,primary,
694000000,790000000,Broadcasting,primary,
790000000,862000000,Mobile except aeronautical mobile,primary,
862000000,870000000,Mobile,primary,
870000000,876000000,Mobile,primary,
876000000,880000000,Mobile,primary,
880000000,890000000,Mobile,primary,
890000000,915000000,Mobile,primary,
890000000,915000000,Radiolocation,secondary,
915000000,921000000,Mobile,primary,
915000000,921000000,Radiolocation,secondary,
921000000,925000000,Mobile,primary,
921000000,925000000,Radiolocation,secondary,
925000000,942000000,Mobile,primary,
925000000,942000000,Radiolocation,secondary,
942000000,960000000,Mobile,primary,
960000000,1164000000,Aeronautical Mobile (R),primary,
960000000,1164000000,Aeronautical Mobile-Satellite (R),primary,
960000000,1164000000,Aeronautical Radionavigation,primary,
1164000000,1215000000,Aeronautical Radionavigation,primary,
1164000000,1215000000,Radionavigation-Satellite (space-to-Earth) (space-to-space),primary,
1215000000,1240000000,Earth Exploration-Satellite (active),primary,
1215000000,1240000000,Radiolocation,primary,
1215000000,1240000000,Radionavigation-Satellite (space-to-Earth) (space-to-space),primary,
1215000000,1240000000,Space Research (active),primary,
1240000000,1300000000,Earth Exploration-Satellite (active),primary,
1240000000,1300000000,Radiolocation,primary,
1240000000,1300000000,Radionavigation-Satellite (space-to-Earth) (space-to-space),primary,
1240000000,1300000000,Space Research (active),primary,
1240000000,1300000000,Amateur,secondary,
1240000000,1300000000,Amateur-Satellite,secondary,
1300000000,1350000000,Aeronautical Radionavigation,primary,
1300000000,1350000000,Radiolocation,primary,
1300000000,1350000000,Radionavigation-Satellite (Earth-to-space),primary,
1350000000,1400000000,Fixed,primary,
1350000000,1400000000,Mobile,primary,
1350000000,1400000000,Space operation (Earth-to-space),primary,
1400000000,1427000000,Earth Exploration-Satellite (passive),primary,
1400000000,1427000000,Radio Astronomy,primary,
1400000000,1427000000,Space Research (passive),primary,
1427000000,1429000000,Fixed,primary,
1427000000,1429000000,Mobile except aeronautical mobile,primary,
1427000000,1429000000,Space operation (Earth-to-space),primary,
1429000000,1452000000,Fixed,primary,
1429000000,1452000000,Mobile except aeronautical mobile,primary,
1452000000,1492000000,Broadcasting,primary,
1452000000,1492000000,Mobile except aeronautical mobile,primary,
1452000000,1492000000,Fixed,secondary,
1492000000,1518000000,Fixed,primary,
1492000000,1518000000,Mobile except aeronautical mobile,primary,
1518000000,1525000000,Fixed,primary,
1518000000,1525000000,Mobile except aeronautical mobile,primary,
1518000000,1525000000,Mobile-Satellite (space-to-Earth),primary,
1525000000,1530000000,Fixed,primary,
1525000000,1530000000,Mobile-Satellite (space-to-Earth),primary,
1525000000,1530000000,Space Operation (space-to-Earth),primary,
1530000000,1535000000,Mobile-Satellite (space-to-Earth),primary,
1530000000,1535000000,Space Operation (space-to-Earth),primary,
1530000000,1535000000,Earth Exploration-Satellite,secondary,
1530000000,1535000000,Fixed,secondary,
1530000000,1535000000,Mobile except aeronautical mobile,secondary,
1535000000,1559000000,Mobile-Satellite (space-to-Earth),primary,
1559000000,1610000000,Aeronautical Radionavigation,primary,
1559000000,1610000000,Radionavigation-Satellite (space-to-Earth),primary,
1559000000,1610000000,Radionavigation-Satellite (space-to-space),primary,
1610000000,1610600000,Aeronautical Radionavigation,primary,
1610000000,1610600000,Mobile-Satellite (Earth-to-space),primary,
1610600000,1613800000,Aeronautical Radionavigation,primary,
1610600000,1613800000,Mobile-Satellite (Earth-to-space),primary,
1610600000,1613800000,Radio Astronomy,primary,
1613800000,1621350000,Aeronautical Radionavigation,primary,
1613800000,1621350000,Mobile-Satellite (Earth-to-space),primary,
1613800000,1621350000,Mobile-Satellite (space-to-Earth),secondary,
1621350000,1626500000,Aeronautical Radionavigation,primary,
1621350000,1626500000,Maritime Mobile-Satellite (space-to-Earth),primary,
1621350000,1626500000,Mobile-Satellite (Earth-to-space),primary,
1621350000,1626500000,Mobile-Satellite (space-to-Earth),secondary,
1621350000,1626500000,Mobile-satellite except maritime mobile satellite (space-to-Earth),secondary,
1626500000,1660000000,Mobile-Satellite (Earth-to-space),primary,
1660000000,1660500000,Mobile-Satellite (Earth-to-space),primary,
1660000000,1660500000,Radio Astronomy,primary,
1660500000,1668000000,Radio Astronomy,primary,
1660500000,1668000000,Space Research (passive),primary,
1660500000,1668000000,Fixed,secondary,
1660500000,1668000000,Mobile except aeronautical mobile,secondary,
1668000000,1668400000,Mobile-Satellite (Earth-to-space),primary,
1668000000,1668400000,Radio Astronomy,primary,
1668000000,1668400000,Space Research (passive),primary,
1668000000,1668400000,Fixed,secondary,
1668000000,1668400000,Mobile except aeronautical mobile,secondary,
1668400000,1670000000,Fixed,primary,
1668400000,1670000000,Meteorological Aids,primary,
1668400000,1670000000,Mobile except aeronautical mobile,primary,
1668400000,1670000000,Mobile-Satellite (Earth-to-space),primary,
1668400000,1670000000,Radio Astronomy,primary,
1670000000,1675000000,Meteorological Aids,primary,
1670000000,1675000000,Meteorological-Satellite (space-to-Earth),primary,
1670000000,1675000000,Mobile,primary,
1670000000,1675000000,Mobile-Satellite (Earth-to-space),primary,
1670000000,1675000000,Fixed,secondary,
1675000000,1690000000,Fixed,primary,
1675000000,1690000000,Meteorological Aids,primary,
1675000000,1690000000,Meteorological-Satellite (space-to-Earth),primary,
1675000000,1690000000,Mobile except aeronautical mobile,primary,
1690000000,1700000000,Meteorological Aids,primary,
1690000000,1700000000,Meteorological-Satellite (space-to-Earth),primary,
1690000000,1700000000,Fixed,secondary,
1690000000,1700000000,Mobile except aeronautical mobile,secondary,
1700000000,1710000000,Fixed,primary,
1700000000,1710000000,Meteorological-Satellite (space-to-Earth),primary,
1700000000,1710000000,Mobile except aeronautical mobile,secondary,
1710000000,1785000000,Fixed,primary,
1710000000,1785000000,Mobile,primary,
1785000000,1800000000,Fixed,primary,
1785000000,1800000000,Mobile,primary,
1800000000,1805000000,Mobile,primary,
1800000000,1805000000,Fixed,secondary,
1805000000,1880000000,Fixed,primary,
1805000000,1880000000,Mobile,primary,
1880000000,1885000000,Mobile,primary,
1880000000,1885000000,Fixed,secondary,
1885000000,1900000000,Mobile,primary,
1885000000,1900000000,Fixed,secondary,
1900000000,1930000000,Mobile,primary,
1900000000,1930000000,Fixed,secondary,
1930000000,1970000000,Mobile,primary,
1930000000,1970000000,Fixed,secondary,
1970000000,1980000000,Mobile,primary,
1970000000,1980000000,Fixed,secondary,
1980000000,2010000000,Mobile,primary,
1980000000,2010000000,Mobile-Satellite (Earth-to-space),primary,
2010000000,2025000000,Mobile,primary,
2010000000,2025000000,Fixed,secondary,
2025000000,2110000000,Earth Exploration-Satellite (Earth-to-space) (space-to-space),primary,
2025000000,2110000000,Fixed,primary,
2025000000,2110000000,Mobile,primary,
2025000000,2110000000,Space Operation (Earth-to-space) (space-to-space),primary,
2025000000,2110000000,Space Research (Earth-to-space) (space-to-space),primary,
2110000000,2120000000,Mobile,primary,
2110000000,2120000000,Space Research (deep space) (Earth-to-space),primary,
2110000000,2120000000,Fixed,secondary,
2120000000,2170000000,Mobile,primary,
2120000000,2170000000,Fixed,secondary,
2170000000,2200000000,Mobile,primary,
2170000000,2200000000,Mobile-Satellite (space-to-Earth),primary,
2200000000,2290000000,Earth Exploration-Satellite (space-to-Earth) (space-to-space),primary,
2200000000,2290000000,Fixed,primary,
2200000000,2290000000,Mobile,primary,
2200000000,2290000000,Space Operation (space-to-Earth) (space-to-space),primary,
2200000000,2290000000,Space Research (space-to-Earth) (space-to-space),primary,
2290000000,2300000000,Fixed,primary,
2290000000,2300000000,Mobile except aeronautical mobile,primary,
2290000000,2300000000,Space Research (deep space) (space-to-Earth),primary,
2300000000,2400000000,Fixed,primary,
2300000000,2400000000,Mobile,primary,
2300000000,2400000000,Amateur,secondary,
2300000000,2400000000,Radiolocation,secondary,
2400000000,2450000000,Fixed,primary,
2400000000,2450000000,Mobile,primary,
2400000000,2450000000,Amateur,secondary,
2400000000,2450000000,Amateur-Satellite,secondary,
2400000000,2450000000,Radiolocation,secondary,
2450000000,2483500000,Fixed,primary,
2450000000,2483500000,Mobile,primary,
2450000000,2483500000,Fixed,primary,
2450000000,2483500000,Mobile,primary,
2483500000,2500000000,Fixed,primary,
2483500000,2500000000,Mobile,primary,
2483500000,2500000000,Mobile-Satellite (space-to-Earth),primary,
2500000000,2520000000,Fixed,primary,
2500000000,2520000000,Mobile except aeronautical mobile,primary,
2520000000,2655000000,Fixed,primary,
2520000000,2655000000,Mobile except aeronautical mobile,primary,
2655000000,2670000000,Fixed,primary,
2655000000,2670000000,Mobile except aeronautical mobile,primary,
2655000000,2670000000,Earth Exploration-Satellite (passive),secondary,
2655000000,2670000000,Radio Astronomy,secondary,
2655000000,2670000000,Space Research (passive),secondary,
2670000000,2690000000,Fixed,primary,
2670000000,2690000000,Mobile except aeronautical mobile,primary,
2670000000,2690000000,Radio Astronomy,secondary,
2690000000,2700000000,Earth Exploration-Satellite (passive),primary,
2690000000,2700000000,Radio Astronomy,primary,
2690000000,2700000000,Space Research (passive),primary,
2700000000,2900000000,Aeronautical Radionavigation,primary,
2700000000,2900000000,Radiolocation,secondary,
2900000000,3100000000,Radiolocation,primary,
2900000000,3100000000,Radionavigation,primary,
3100000000,3300000000,Radiolocation,primary,
3100000000,3300000000,Earth Exploration-Satellite (active),secondary,
3100000000,3300000000,Space Research (active),secondary,
3300000000,3400000000,Radiolocation,primary,
3400000000,3600000000,Mobile except aeronautical mobile,primary,
3400000000,3600000000,Fixed-Satellite (space-to-Earth),primary,
3400000000,3600000000,Fixed,primary,
3400000000,3600000000,Radiolocation,secondary,
3600000000,4200000000,Mobile,primary,
3600000000,4200000000,Fixed-Satellite (space-to-Earth),primary,
3600000000,4200000000,Fixed,primary,
4200000000,4400000000,Aeronautical Mobile (R),primary,
4200000000,4400000000,Aeronautical Radionavigation,primary,
4400000000,4500000000,Fixed,primary,
4400000000,4500000000,Mobile,primary,
4500000000,4800000000,Fixed,primary,
4500000000,4800000000,Fixed-Satellite (space-to-Earth),primary,
4500000000,4800000000,Mobile,primary,
4800000000,4990000000,Fixed,primary,
4800000000,4990000000,Mobile,primary,
4800000000,4990000000,Radio Astronomy,secondary,
4990000000,5000000000,Fixed,primary,
4990000000,5000000000,Mobile except aeronautical mobile,primary,
4990000000,5000000000,Radio Astronomy,primary,
5000000000,5010000000,Aeronautical Mobile-Satellite (R),primary,
5000000000,5010000000,Aeronautical Radionavigation,primary,
5000000000,5010000000,Radionavigation-Satellite (Earth-to-space),primary,
5000000000,5010000000,Radio Astronomy,secondary,
5000000000,5010000000,Space Research (passive),secondary,
5010000000,5030000000,Aeronautical Mobile-Satellite (R),primary,
5010000000,5030000000,Aeronautical Radionavigation,primary,
5010000000,5030000000,Radionavigation-Satellite (space-to-Earth) (space-to-space),primary,
5010000000,5030000000,Radio Astronomy,secondary,
5010000000,5030000000,Space Research (passive),secondary,
5030000000,5091000000,Aeronautical Mobile (R),primary,
5030000000,5091000000,Aeronautical Mobile-Satellite (R),primary,
5030000000,5091000000,Aeronautical Radionavigation,primary,
5091000000,5150000000,Aeronautical Mobile,primary,
5091000000,5150000000,Aeronautical Mobile-Satellite (R),primary,
5091000000,5150000000,Aeronautical Radionavigation,primary,
5091000000,5150000000,Fixed-Satellite (Earth-to-space),primary,
5150000000,5250000000,Aeronautical Radionavigation,primary,
5150000000,5250000000,Fixed-Satellite (Earth-to-space),primary,
5150000000,5250000000,Mobile except aeronautical mobile,primary,
5250000000,5255000000,Earth Exploration-Satellite (active),primary,
5250000000,5255000000,Mobile except aeronautical mobile,primary,
5250000000,5255000000,Radiolocation,primary,
5250000000,5255000000,Space Research,primary,
5255000000,5350000000,Earth Exploration-Satellite (active),primary,
5255000000,5350000000,Mobile except aeronautical mobile,primary,
5255000000,5350000000,Radiolocation,primary,
5255000000,5350000000,Space Research (active),primary,
5350000000,5460000000,Aeronautical Radionavigation,primary,
5350000000,5460000000,Earth Exploration-Satellite (active),primary,
5350000000,5460000000,Radiolocation,primary,
5350000000,5460000000,Space Research (active),primary,
5460000000,5470000000,Earth Exploration-Satellite (active),primary,
5460000000,5470000000,Radiolocation,primary,
5460000000,5470000000,Radionavigation,primary,
5460000000,5470000000,Space Research (active),primary,
5470000000,5570000000,Earth Exploration-Satellite (active),primary,
5470000000,5570000000,Radiolocation,primary,
5470000000,5570000000,Mobile except aeronautical mobile,primary,
5470000000,5570000000,Space Research (active),primary,
5470000000,5570000000,Maritime Radionavigation,primary,
5570000000,5650000000,Maritime Radionavigation,primary,
5570000000,5650000000,Mobile except aeronautical mobile,primary,
5570000000,5650000000,Radiolocation,primary,
5650000000,5725000000,Mobile except aeronautical mobile,primary,
5650000000,5725000000,Radiolocation,primary,
5650000000,5725000000,Amateur,secondary,
5650000000,5725000000,Amateur-Satellite,secondary,
5725000000,5830000000,Radiolocation,primary,
5725000000,5830000000,Amateur,secondary,
5725000000,5830000000,Fixed,secondary,
5725000000,5830000000,Mobile,secondary,
5830000000,5850000000,Fixed-Satellite (Earth-to-space),primary,
5830000000,5850000000,Radiolocation,primary,
5830000000,5850000000,Amateur,secondary,
5830000000,5850000000,Amateur-Satellite (space-to-Earth),secondary,
5830000000,5850000000,Fixed,secondary,
5830000000,5850000000,Mobile,secondary,
5850000000,5925000000,Fixed,primary,
5850000000,5925000000,Fixed-Satellite (Earth-to-space),primary,
5850000000,5925000000,Mobile,primary,
5925000000,6700000000,Fixed,primary,
5925000000,6700000000,Fixed-Satellite (Earth-to-space),primary,
5925000000,6700000000,Mobile,primary,
5925000000,6700000000,Earth Exploration-Satellite (passive),secondary,
6700000000,7075000000,Fixed,primary,
6700000000,7075000000,Fixed-Satellite (Earth-to-space) (space-to-Earth),primary,
6700000000,7075000000,Earth Exploration-Satellite (passive),secondary,
7075000000,7145000000,Fixed,primary,
7075000000,7145000000,Earth Exploration-Satellite (passive),secondary,
7145000000,7190000000,Fixed,primary,
7145000000,7190000000,Mobile,primary,
7145000000,7190000000,Space Research (deep space) (Earth-to-space),primary,
7145000000,7190000000,Space Operation (Earth-to-space),secondary,
7190000000,7235000000,Earth Exploration-Satellite (Earth-to-space),primary,
7190000000,7235000000,Fixed,primary,
7190000000,7235000000,Mobile,primary,
7190000000,7235000000,Space Research (Earth-to-space),primary,
7235000000,7250000000,Earth Exploration-Satellite (Earth-to-space),primary,
7235000000,7250000000,Fixed,primary,
7235000000,7250000000,Space Research (Earth-to-space),secondary,
7250000000,7300000000,Fixed,primary,
7250000000,7300000000,Fixed-Satellite (space-to-Earth),primary,
7250000000,7300000000,Mobile,primary,
7300000000,7375000000,Fixed,primary,
7300000000,7375000000,Fixed-Satellite (space-to-Earth),primary,
7300000000,7375000000,Mobile except aeronautical mobile,primary,
7375000000,7450000000,Fixed,primary,
7375000000,7450000000,Fixed-Satellite (space-to-Earth),primary,
7375000000,7450000000,Maritime Mobile-Satellite (space-to-Earth),primary,
7375000000,7450000000,Mobile except aeronautical mobile,primary,
7450000000,7550000000,Fixed,primary,
7450000000,7550000000,Fixed-Satellite (space-to-Earth),primary,
7450000000,7550000000,Maritime Mobile-Satellite (space-to-Earth),primary,
7450000000,7550000000,Meteorological-Satellite (space-to-Earth),primary,
7450000000,7550000000,Mobile except aeronautical mobile,primary,
7550000000,7750000000,Mobile except aeronautical mobile,primary,
7550000000,7750000000,Fixed-Satellite (space-to-Earth),primary,
7550000000,7750000000,Fixed,primary,
7750000000,7900000000,Fixed,primary,
7750000000,7900000000,Meteorological-Satellite (space-to-Earth),primary,
7750000000,7900000000,Mobile except aeronautical mobile,primary,
7900000000,8025000000,Fixed,primary,
7900000000,8025000000,Fixed-Satellite (Earth-to-space),primary,
7900000000,8025000000,Mobile,primary,
8025000000,8175000000,Earth Exploration-Satellite (space-to-Earth),primary,
8025000000,8175000000,Fixed,primary,
8025000000,8175000000,Fixed-Satellite (Earth-to-space),primary,
8025000000,8175000000,Mobile,primary,
8175000000,8215000000,Earth Exploration-Satellite (space-to-Earth),primary,
8175000000,8215000000,Fixed,primary,
8175000000,8215000000,Fixed-Satellite (Earth-to-space),primary,
8175000000,8215000000,Meteorological-Satellite (Earth-to-space),primary,
8175000000,8215000000,Mobile,primary,
8215000000,8400000000,Earth Exploration-Satellite (space-to-Earth),primary,
8215000000,8400000000,Fixed,primary,
8215000000,8400000000,Fixed-Satellite (Earth-to-space),primary,
8400000000,8500000000,Fixed,primary,
8400000000,8500000000,Space Research (space-to-Earth),primary,
8400000000,8500000000,Radiolocation,secondary,
8500000000,8550000000,Radiolocation,primary,
8550000000,8650000000,Earth Exploration-Satellite (active),primary,
8550000000,8650000000,Radiolocation,primary,
8550000000,8650000000,Space Research (active),primary,
8650000000,8750000000,Radiolocation,primary,
8750000000,8850000000,Aeronautical Radionavigation,primary,
8750000000,8850000000,Radiolocation,primary,
8750000000,8850000000,Space Research,secondary,
8850000000,9000000000,Maritime Radionavigation,primary,
8850000000,9000000000,Radiolocation,primary,
8850000000,9000000000,Space Research,secondary,
9000000000,9200000000,Aeronautical Radionavigation,primary,
9000000000,9200000000,Radiolocation,primary,
9000000000,9200000000,Space Research,secondary,
9200000000,9300000000,Earth Exploration-Satellite (active),primary,
9200000000,9300000000,Maritime Radionavigation,primary,
9200000000,9300000000,Radiolocation,primary,
9200000000,9300000000,Space Research,secondary,
9300000000,9500000000,Earth Exploration-Satellite (active),primary,
9300000000,9500000000,Radiolocation,primary,
9300000000,9500000000,Radionavigation,primary,
9300000000,9500000000,Space Research (active),primary,
9500000000,9800000000,Earth Exploration-Satellite (active),primary,
9500000000,9800000000,Radiolocation,primary,
9500000000,9800000000,Space Research (active),primary,
9800000000,9900000000,Radiolocation,primary,
9800000000,9900000000,Earth Exploration-Satellite (active),secondary,
9800000000,9900000000,Space Research (active),secondary,
9900000000,10000000000,Earth Exploration-Satellite (active),primary,
9900000000,10000000000,Radiolocation,primary,
9900000000,10000000000,Fixed,secondary,
10000000000,10040000000,Earth Exploration-Satellite (active),primary,
10000000000,10040000000,Fixed,primary,
10000000000,10040000000,Mobile,primary,
10000000000,10040000000,Radiolocation,primary,
10000000000,10040000000,Amateur,secondary,
10400000000,10450000000,Fixed,primary,
10400000000,10450000000,Radiolocation,primary,
10400000000,10450000000,Amateur,secondary,
10400000000,10450000000,Mobile,secondary,
10450000000,10500000000,Fixed,primary,
10450000000,10500000000,Mobile,primary,
10450000000,10500000000,Radiolocation,primary,
10450000000,10500000000,Amateur,secondary,
10450000000,10500000000,Amateur-Satellite,secondary,
10500000000,10550000000,Fixed,primary,
10500000000,10550000000,Mobile,primary,
10500000000,10550000000,Radiolocation,secondary,
10550000000,10600000000,Fixed,primary,
10550000000,10600000000,Mobile except aeronautical mobile,primary,
10550000000,10600000000,Radiolocation,secondary,
10600000000,10680000000,Earth Exploration-Satellite (passive),primary,
10600000000,10680000000,Fixed,primary,
10600000000,10680000000,Radio Astronomy,primary,
10600000000,10680000000,Space Research (passive),primary,
10600000000,10680000000,Mobile except aeronautical mobile,secondary,
10600000000,10680000000,Radiolocation,secondary,
10680000000,10700000000,Earth Exploration-Satellite (passive),primary,
10680000000,10700000000,Radio Astronomy,primary,
10680000000,10700000000,Space Research (passive),primary,
10700000000,10950000000,Fixed,primary,
10700000000,10950000000,Fixed-Satellite (Earth-to-space),primary,
10700000000,10950000000,Fixed-Satellite (space-to-Earth),primary,
10700000000,10950000000,Mobile except aeronautical mobile,primary,
10700000000,10950000000,Mobile-Satellite (space-to-Earth),secondary,
10950000000,11200000000,Fixed,primary,
10950000000,11200000000,Fixed-Satellite (Earth-to-space),primary,
10950000000,11200000000,Fixed-Satellite (space-to-Earth),primary,
10950000000,11200000000,Mobile except aeronautical mobile,primary,
11200000000,11450000000,Fixed,primary,
11200000000,11450000000,Fixed-Satellite (Earth-to-space),primary,
11200000000,11450000000,Fixed-Satellite (space-to-Earth),primary,
11200000000,11450000000,Mobile except aeronautical mobile,primary,
11450000000,11700000000,Fixed,primary,
11450000000,11700000000,Fixed-Satellite (Earth-to-space),primary,
11450000000,11700000000,Fixed-Satellite (space-to-Earth),primary,
11450000000,11700000000,Mobile except aeronautical mobile,primary,
11700000000,12500000000,Broadcasting-Satellite,primary,
11700000000,12500000000,Mobile except aeronautical mobile,primary,
12500000000,12750000000,Fixed-Satellite (Earth-to-space),primary,
12500000000,12750000000,Fixed-Satellite (space-to-Earth),primary,
12750000000,13250000000,Fixed,primary,
12750000000,13250000000,Fixed-Satellite (Earth-to-space),primary,
13250000000,13400000000,Aeronautical Radionavigation,primary,
13250000000,13400000000,Earth Exploration-Satellite (active),primary,
13250000000,13400000000,Space Research (active),primary,
13400000000,13650000000,Earth Exploration-Satellite (active),primary,
13400000000,13650000000,Fixed-Satellite (space-to-Earth),primary,
13400000000,13650000000,Radiolocation,primary,
13400000000,13650000000,Space Research,primary,
13650000000,13750000000,Earth Exploration-Satellite (active),primary,
13650000000,13750000000,Radiolocation,primary,
13650000000,13750000000,Space Research,primary,
13750000000,14000000000,Fixed-Satellite (Earth-to-space),primary,
13750000000,14000000000,Radiolocation,primary,
13750000000,14000000000,Space Research,secondary,
14000000000,14250000000,Fixed-Satellite (Earth-to-space),primary,
14000000000,14250000000,Mobile-Satellite (Earth-to-space),secondary,
14000000000,14250000000,Space Research,secondary,
14250000000,14300000000,Fixed-Satellite (Earth-to-space),primary,
14250000000,14300000000,Mobile-Satellite (Earth-to-space),secondary,
14250000000,14300000000,Space Research,secondary,
14300000000,14400000000,Fixed-Satellite (Earth-to-space),primary,
14300000000,14400000000,Mobile-Satellite (Earth-to-space),secondary,
14400000000,14470000000,Fixed-Satellite (Earth-to-space),primary,
14400000000,14470000000,Mobile-Satellite (Earth-to-space),secondary,
14470000000,14500000000,Fixed-Satellite (Earth-to-space),primary,
14470000000,14500000000,Mobile-Satellite (Earth-to-space),secondary,
14470000000,14500000000,Radio Astronomy,secondary,
14500000000,14750000000,Fixed,primary,
14500000000,14750000000,Mobile,primary,
14500000000,14750000000,Radio Astronomy,secondary,
14750000000,14800000000,Fixed,primary,
14750000000,14800000000,Mobile,primary,
14750000000,14800000000,Radio Astronomy,secondary,
14800000000,15350000000,Fixed,primary,
14800000000,15350000000,Mobile,primary,
14800000000,15350000000,Radio Astronomy,secondary,
15350000000,15400000000,Earth Exploration-Satellite (passive),primary,
15350000000,15400000000,Radio Astronomy,primary,
15350000000,15400000000,Space Research (passive),primary,
15400000000,15430000000,Aeronautical Radionavigation,primary,
15400000000,15430000000,Radiolocation,primary,
15430000000,15630000000,Aeronautical Radionavigation,primary,
15430000000,15630000000,Fixed-Satellite (Earth-to-space),primary,
15430000000,15630000000,Radiolocation,primary,
15630000000,15700000000,Aeronautical Radionavigation,primary,
15630000000,15700000000,Radiolocation,primary,
15700000000,16600000000,Radiolocation,primary,
16600000000,17100000000,Radiolocation,primary,
16600000000,17100000000,Space Research (deep space) (Earth-to-space),secondary,
17100000000,17200000000,Radiolocation,primary,
17100000000,17200000000,Mobile,secondary,
17200000000,17300000000,Earth Exploration-Satellite (active),primary,
17200000000,17300000000,Mobile,primary,
17200000000,17300000000,Radiolocation,primary,
17200000000,17300000000,Space Research (active),primary,
17300000000,17700000000,Fixed-Satellite (Earth-to-space),primary,
17300000000,17700000000,Fixed-Satellite (space-to-Earth),primary,
17300000000,17700000000,Radiolocation,secondary,
17700000000,18100000000,Fixed,primary,
17700000000,18100000000,Fixed-Satellite (space-to-Earth),primary,
17700000000,18100000000,Fixed-Satellite (Earth-to-space),primary,
18100000000,18400000000,Fixed,primary,
18100000000,18400000000,Fixed-Satellite (Earth-to-space),primary,
18100000000,18400000000,Fixed-Satellite (space-to-Earth),primary,
18100000000,18400000000,Meteorological-Satellite (space-to-Earth),primary,
18400000000,18600000000,Fixed,primary,
18400000000,18600000000,Fixed-Satellite (space-to-Earth),primary,
18600000000,18800000000,Earth Exploration-Satellite (passive),primary,
18600000000,18800000000,Fixed,primary,
18600000000,18800000000,Fixed-Satellite (space-to-Earth),primary,
18800000000,19300000000,Fixed,primary,
18800000000,19300000000,Fixed-Satellite (space-to-Earth),primary,
19300000000,19700000000,Fixed,primary,
19300000000,19700000000,Fixed-Satellite (space-to-Earth) (Earth-to-space),primary,
19700000000,20100000000,Fixed-Satellite (space-to-Earth),primary,
19700000000,20100000000,Mobile-Satellite (space-to-Earth),secondary,
20100000000,20200000000,Fixed-Satellite (space-to-Earth),primary,
20100000000,20200000000,Mobile-Satellite (space-to-Earth),primary,
20200000000,21200000000,Fixed-Satellite (space-to-Earth),primary,
20200000000,21200000000,Mobile-Satellite (space-to-Earth),primary,
21200000000,21400000000,Earth Exploration-Satellite (passive),primary,
21200000000,21400000000,Fixed,primary,
21200000000,21400000000,Mobile,primary,
21200000000,21400000000,Space Research (passive),primary,
21400000000,22000000000,Broadcasting-Satellite,primary,
22000000000,22210000000,Fixed,primary,
22000000000,22210000000,Mobile except aeronautical mobile,primary,
22000000000,22210000000,Radio Astronomy,primary,
22000000000,22210000000,Space Research (passive),primary,
22210000000,22500000000,Fixed,primary,
22210000000,22500000000,Mobile except aeronautical mobile,primary,
22210000000,22500000000,Radio Astronomy,primary,
22210000000,22500000000,Space Research (passive),primary,
22210000000,22500000000,Earth Exploration-Satellite (passive),secondary,
22210000000,22500000000,Mobile,secondary,
22500000000,22550000000,Fixed,primary,
22500000000,22550000000,Mobile,primary,
22500000000,22550000000,Radio Astronomy,primary,
22500000000,22550000000,Space Research (passive),primary,
22550000000,23150000000,Fixed,primary,
22550000000,23150000000,Inter-Satellite,primary,
22550000000,23150000000,Mobile,primary,
22550000000,23150000000,Radio Astronomy,primary,
23150000000,23550000000,Fixed,primary,
23150000000,23550000000,Mobile,primary,
23150000000,23550000000,Inter-Satellite,primary,
23550000000,23600000000,Fixed,primary,
23550000000,23600000000,Inter-Satellite,primary,
23550000000,23600000000,Mobile,primary,
23600000000,24000000000,Earth Exploration-Satellite (passive),primary,
23600000000,24000000000,Space Research (passive),primary,
23600000000,24000000000,Radio Astronomy,primary,
24000000000,24050000000,Amateur,primary,
24000000000,24050000000,Amateur-Satellite,primary,
24050000000,24250000000,Radiolocation,primary,
24050000000,24250000000,Amateur,secondary,
24050000000,24250000000,Earth Exploration-Satellite (active),secondary,
24050000000,24250000000,Fixed,secondary,
24050000000,24250000000,Mobile,secondary,
24250000000,24450000000,Mobile,primary,
24250000000,24450000000,Fixed,primary,
24450000000,24500000000,Mobile,primary,
24450000000,24500000000,Fixed,primary,
24500000000,24650000000,Mobile,primary,
24500000000,24650000000,Fixed,primary,
24650000000,24750000000,Mobile,primary,
24650000000,24750000000,Fixed,primary,
24650000000,24750000000,Fixed-Satellite (Earth-to-space),primary,
24750000000,25250000000,Mobile except aeronautical mobile,primary,
24750000000,25250000000,Fixed,primary,
24750000000,25250000000,Fixed-Satellite (Earth-to-space),primary,
24750000000,25250000000,Inter-Satellite,primary,
25250000000,25500000000,Mobile,primary,
25250000000,25500000000,Fixed,primary,
25250000000,25500000000,Inter-Satellite,primary,
25500000000,26500000000,Mobile,primary,
25500000000,26500000000,Fixed,primary,
25500000000,26500000000,Inter-Satellite,primary,
25500000000,26500000000,Space Research (space-to-Earth),primary,
25500000000,26500000000,Earth Exploration-Satellite (space-to-Earth),secondary,
26500000000,27000000000,Mobile,primary,
26500000000,27000000000,Fixed,primary,
26500000000,27000000000,Inter-Satellite,primary,
26500000000,27000000000,Space Research (space-to-Earth),primary,
26500000000,27000000000,Earth Exploration-Satellite (space-to-Earth),secondary,
27000000000,27500000000,Mobile,primary,
27000000000,27500000000,Fixed,primary,
27000000000,27500000000,Inter-Satellite,primary,
27000000000,27500000000,Earth Exploration-Satellite (space-to-Earth),secondary,
27500000000,28500000000,Fixed,primary,
27500000000,28500000000,Fixed-Satellite (Earth-to-space),primary,
28500000000,29100000000,Fixed,primary,
28500000000,29100000000,Fixed-Satellite (Earth-to-space),primary,
28500000000,29100000000,Earth Exploration-Satellite (Earth-to-space),secondary,
29100000000,29500000000,Fixed,primary,
29100000000,29500000000,Fixed-Satellite (Earth-to-space),primary,
29100000000,29500000000,Earth Exploration-Satellite (Earth-to-space),secondary,
29500000000,29900000000,Fixed-Satellite (Earth-to-space),primary,
29500000000,29900000000,Earth Exploration-Satellite (Earth-to-space),secondary,
29500000000,29900000000,Mobile-Satellite (Earth-to-space),secondary,
29900000000,30000000000,Earth Exploration-Satellite (Earth-to-space),primary,
29900000000,30000000000,Fixed-Satellite (Earth-to-space),primary,
29900000000,30000000000,Mobile-Satellite (Earth-to-space),primary,
30000000000,31000000000,Fixed-Satellite (Earth-to-space),primary,
30000000000,31000000000,Mobile-Satellite (Earth-to-space),primary,
31000000000,31300000000,Fixed,primary,
31000000000,31300000000,Mobile,primary,
31300000000,31500000000,Earth Exploration-Satellite (passive),primary,
31300000000,31500000000,Radio Astronomy,primary,
31300000000,31500000000,Space Research (passive),primary,
31500000000,31800000000,Earth Exploration-Satellite (passive),primary,
31500000000,31800000000,Radio Astronomy,primary,
31500000000,31800000000,Space Research (passive),primary,
31500000000,31800000000,Fixed,secondary,
31500000000,31800000000,Mobile except aeronautical mobile,secondary,
31800000000,32000000000,Fixed,primary,Fixed
31800000000,32000000000,Radionavigation,primary,Radionavigation
31800000000,32000000000,Space Research (deep space) (space-to-Earth),primary,
32000000000,32300000000,Fixed,primary,
32000000000,32300000000,Radionavigation,primary,
32000000000,32300000000,Space Research (deep space) (space-to-Earth),primary,
32300000000,33000000000,Fixed,primary,
32300000000,33000000000,Inter-Satellite,primary,
32300000000,33000000000,Radionavigation,primary,
33000000000,33400000000,Fixed,primary,
33000000000,33400000000,Inter-Satellite,primary,
33000000000,33400000000,Radionavigation,primary,
33400000000,34200000000,Radiolocation,primary,
34200000000,34700000000,Radiolocation,primary,
34200000000,34700000000,Space Research (deep space) (Earth-to-space),primary,
34700000000,35200000000,Radiolocation,primary,
34700000000,35200000000,Space Research,secondary,
35200000000,35500000000,Meteorological Aids,primary,
35200000000,35500000000,Radiolocation,primary,
35500000000,36000000000,Earth Exploration-Satellite (active),primary,
35500000000,36000000000,Meteorological Aids,primary,
35500000000,36000000000,Radiolocation,primary,
35500000000,36000000000,Space Research (active),primary,
36000000000,37000000000,Earth Exploration-Satellite (passive),primary,
36000000000,37000000000,Fixed,primary,
36000000000,37000000000,Mobile,primary,
36000000000,37000000000,Space Research (passive),primary,
36000000000,37000000000,Radio Astronomy,secondary,
37000000000,37500000000,Fixed,primary,
37000000000,37500000000,Space Research (space-to-Earth),primary,
37500000000,38000000000,Fixed,primary,
37500000000,38000000000,Fixed-Satellite (space-to-Earth),primary,
37500000000,38000000000,Space Research (space-to-Earth),primary,
37500000000,38000000000,Earth Exploration-Satellite (space-to-Earth),secondary,
38000000000,39500000000,Fixed,primary,
38000000000,39500000000,Fixed-Satellite (space-to-Earth),primary,
38000000000,39500000000,Earth Exploration-Satellite (space-to-Earth),secondary,
39500000000,40000000000,Fixed,primary,
39500000000,40000000000,Fixed-Satellite (space-to-Earth),primary,
39500000000,40000000000,Mobile,primary,
39500000000,40000000000,Mobile-Satellite (space-to-Earth),primary,
39500000000,40000000000,Earth Exploration-Satellite (space-to-Earth),secondary,
40000000000,40500000000,Fixed,primary,
40000000000,40500000000,Fixed-Satellite (space-to-Earth),primary,
40000000000,40500000000,Mobile,primary,
40000000000,40500000000,Mobile-Satellite (space-to-Earth),primary,
40000000000,40500000000,Space Research (Earth-to-space),primary,
40000000000,40500000000,Earth Exploration-Satellite (space-to-Earth),secondary,
40500000000,41000000000,Broadcasting,primary,
40500000000,41000000000,Broadcasting-Satellite,primary,
40500000000,41000000000,Fixed,primary,
40500000000,41000000000,Land Mobile,primary,
40500000000,41000000000,Aeronautical Mobile,secondary,
40500000000,41000000000,Maritime Mobile,secondary,
41000000000,42500000000,Broadcasting,primary,
41000000000,42500000000,Broadcasting-Satellite,primary,
41000000000,42500000000,Fixed,primary,
41000000000,42500000000,Land Mobile,primary,
41000000000,42500000000,Aeronautical Mobile,secondary,
41000000000,42500000000,Maritime Mobile,secondary,
42500000000,43500000000,Fixed,primary,
42500000000,43500000000,Fixed-Satellite (Earth-to-space),primary,
42500000000,43500000000,Mobile except aeronautical mobile,primary,
42500000000,43500000000,Radio Astronomy,primary,
43500000000,45500000000,Mobile,primary,
43500000000,45500000000,Mobile-Satellite,primary,
43500000000,45500000000,Fixed-Satellite,secondary,
45500000000,47000000000,Mobile,primary,
45500000000,47000000000,Mobile-Satellite,primary,
45500000000,47000000000,Radionavigation,primary,
45500000000,47000000000,Radionavigation-Satellite,primary,
47000000000,47200000000,Amateur,primary,
47000000000,47200000000,Amateur-Satellite,primary,
47200000000,47500000000,Fixed,primary,
47200000000,47500000000,Fixed-Satellite (Earth-to-space),primary,
47200000000,47500000000,Mobile,primary,
47500000000,47900000000,Fixed,primary,
47500000000,47900000000,Fixed-Satellite (Earth-to-space),primary,
47500000000,47900000000,Fixed-Satellite (space-to-Earth),primary,
47500000000,47900000000,Mobile,primary,
47900000000,48200000000,Fixed,primary,
47900000000,48200000000,Fixed-Satellite (Earth-to-space),primary,
47900000000,48200000000,Mobile,primary,
48200000000,48540000000,Fixed,primary,
48200000000,48540000000,Fixed-Satellite (Earth-to-space),primary,
48200000000,48540000000,Fixed-Satellite (space-to-Earth),primary,
48200000000,48540000000,Mobile,primary,
48540000000,49440000000,Fixed,primary,
48540000000,49440000000,Fixed-Satellite (Earth-to-space),primary,
48540000000,49440000000,Mobile,primary,
48540000000,49440000000,Radio Astronomy,primary,
49440000000,50200000000,Fixed,primary,
49440000000,50200000000,Fixed-Satellite (Earth-to-space),primary,
49440000000,50200000000,Fixed-Satellite (space-to-Earth),primary,
49440000000,50200000000,Mobile,primary,
50200000000,50400000000,Earth Exploration-Satellite (passive),primary,
50200000000,50400000000,Space Research (passive),primary,
50400000000,51400000000,Fixed,primary,
50400000000,51400000000,Fixed-Satellite (Earth-to-space),primary,
50400000000,51400000000,Mobile-Satellite (Earth-to-space),secondary,
51400000000,52400000000,Fixed,primary,
51400000000,52400000000,Fixed-Satellite (Earth-to-space),primary,
51400000000,52400000000,Mobile,primary,
51400000000,52400000000,Radio Astronomy,primary,
52400000000,52600000000,Fixed,primary,
52400000000,52600000000,Mobile,primary,
52400000000,52600000000,Radio Astronomy,primary,
52600000000,54250000000,Earth Exploration-Satellite (passive),primary,
52600000000,54250000000,Space Research (passive),primary,
54250000000,55780000000,Earth Exploration-Satellite (passive),primary,
54250000000,55780000000,Space Research (passive),primary,
55780000000,56900000000,Earth Exploration-Satellite (passive),primary,
55780000000,56900000000,Fixed,primary,
55780000000,56900000000,Inter-Satellite,primary,
55780000000,56900000000,Space Research (passive),primary,
56900000000,57000000000,Earth Exploration-Satellite (passive),primary,
56900000000,57000000000,Fixed,primary,
56900000000,57000000000,Inter-Satellite,primary,
56900000000,57000000000,Mobile,primary,
56900000000,57000000000,Space Research (passive),primary,
57000000000,58200000000,Earth Exploration-Satellite (passive),primary,
57000000000,58200000000,Fixed,primary,
57000000000,58200000000,Inter-Satellite,primary,
57000000000,58200000000,Mobile,primary,
57000000000,58200000000,Space Research (passive),primary,
58200000000,59000000000,Earth Exploration-Satellite (passive),primary,
58200000000,59000000000,Space Research (passive),primary,
58200000000,59000000000,Fixed,primary,
58200000000,59000000000,Radio Astronomy,primary,
59000000000,59300000000,Earth Exploration-Satellite (passive),primary,
59000000000,59300000000,Fixed,primary,
59000000000,59300000000,Inter-Satellite,primary,
59000000000,59300000000,Mobile,primary,
59000000000,59300000000,Radiolocation,primary,
59000000000,59300000000,Space Research (passive),primary,
59300000000,64000000000,Fixed,primary,
59300000000,64000000000,Inter-Satellite,primary,
59300000000,64000000000,Mobile,primary,
59300000000,64000000000,Radiolocation,primary,
64000000000,65000000000,Fixed,primary,
64000000000,65000000000,Inter-Satellite,primary,
64000000000,65000000000,Mobile except aeronautical mobile,primary,
65000000000,66000000000,Earth Exploration-Satellite,primary,
65000000000,66000000000,Fixed,primary,
65000000000,66000000000,Inter-Satellite,primary,
65000000000,66000000000,Mobile except aeronautical mobile,primary,
65000000000,66000000000,Space Research,primary,
66000000000,71000000000,Inter-Satellite,primary,
66000000000,71000000000,Mobile,primary,
66000000000,71000000000,Mobile-Satellite,primary,
66000000000,71000000000,Radionavigation,primary,
66000000000,71000000000,Radionavigation-Satellite,primary,
71000000000,74000000000,Fixed,primary,
71000000000,74000000000,Fixed-Satellite (space-to-Earth),primary,
71000000000,74000000000,Mobile,primary,
71000000000,74000000000,Mobile-Satellite (space-to-Earth),primary,
74000000000,75500000000,Broadcasting,primary,
74000000000,75500000000,Broadcasting-Satellite,primary,
74000000000,75500000000,Fixed,primary,
74000000000,75500000000,Fixed-Satellite (space-to-Earth),primary,
74000000000,75500000000,Mobile,primary,
74000000000,75500000000,Space Research (space-to-Earth),secondary,
75500000000,76000000000,Broadcasting,primary,
75500000000,76000000000,Broadcasting-Satellite,primary,
75500000000,76000000000,Fixed,primary,
75500000000,76000000000,Fixed-Satellite (space-to-Earth),primary,
75500000000,76000000000,Amateur-Satellite,secondary,
75500000000,76000000000,Amateur,secondary,
76000000000,77500000000,Radio Astronomy,primary,
76000000000,77500000000,Radiolocation,primary,
76000000000,77500000000,Amateur,secondary,
76000000000,77500000000,Amateur-Satellite,secondary,
76000000000,77500000000,Space Research (space-to-Earth),secondary,
77500000000,78000000000,Amateur,primary,
77500000000,78000000000,Amateur-Satellite,primary,
77500000000,78000000000,Radiolocation,primary,
77500000000,78000000000,Space Research (space-to-Earth),secondary,
78000000000,79000000000,Radiolocation,primary,
78000000000,79000000000,Amateur,secondary,
78000000000,79000000000,Amateur-Satellite,secondary,
78000000000,79000000000,Radio Astronomy,secondary,
78000000000,79000000000,Space Research (space-to-Earth),secondary,
79000000000,81000000000,Radio Astronomy,primary,
79000000000,81000000000,Radiolocation,primary,
79000000000,81000000000,Amateur,secondary,
79000000000,81000000000,Amateur-Satellite (space-to-Earth),secondary,
81000000000,84000000000,Fixed,primary,
81000000000,84000000000,Fixed-Satellite (Earth-to-space),primary,
81000000000,84000000000,Mobile,primary,
81000000000,84000000000,Mobile-Satellite (Earth-to-space),primary,
81000000000,84000000000,Radio Astronomy,primary,
81000000000,84000000000,Space Research (space-to-Earth),secondary,
84000000000,86000000000,Fixed,primary,
84000000000,86000000000,Fixed-Satellite (Earth-to-space),primary,
84000000000,86000000000,Mobile,primary,
84000000000,86000000000,Radio Astronomy,primary,
86000000000,92000000000,Earth Exploration-Satellite (passive),primary,
86000000000,92000000000,Radio Astronomy,primary,
86000000000,92000000000,Space Research (passive),primary,
92000000000,94000000000,Fixed,primary,
92000000000,94000000000,Mobile,primary,
92000000000,94000000000,Radio Astronomy,primary,
92000000000,94000000000,Radiolocation,primary,
94000000000,94100000000,Earth Exploration-Satellite (active),primary,
94000000000,94100000000,Radiolocation,primary,
94000000000,94100000000,Space Research (active),primary,
94000000000,94100000000,Radio Astronomy,secondary,
94100000000,95000000000,Fixed,primary,
94100000000,95000000000,Mobile,primary,
94100000000,95000000000,Radio Astronomy,primary,
94100000000,95000000000,Radiolocation,primary,
95000000000,100000000000,Fixed,primary,
95000000000,100000000000,Mobile,primary,
95000000000,100000000000,Radio Astronomy,primary,
95000000000,100000000000,Radiolocation,primary,
95000000000,100000000000,Radionavigation,primary,
95000000000,100000000000,Radionavigation-Satellite,primary,
100000000000,102000000000,Earth Exploration-Satellite (passive),primary,
100000000000,102000000000,Radio Astronomy,primary,
100000000000,102000000000,Space Research (passive),primary,
102000000000,105000000000,Fixed,primary,
102000000000,105000000000,Mobile,primary,
102000000000,105000000000,Radio Astronomy,primary,
105000000000,109500000000,Fixed,primary,
105000000000,109500000000,Mobile,primary,
105000000000,109500000000,Radio Astronomy,primary,
105000000000,109500000000,Space Research (passive),primary,
109500000000,111800000000,Earth Exploration-Satellite (passive),primary,
109500000000,111800000000,Radio Astronomy,primary,
109500000000,111800000000,Space Research (passive),primary,
111800000000,114250000000,Fixed,primary,
111800000000,114250000000,Mobile,primary,
111800000000,114250000000,Radio Astronomy,primary,
111800000000,114250000000,Space Research (passive),primary,
114250000000,116000000000,Earth Exploration-Satellite (passive),primary,
114250000000,116000000000,Radio Astronomy,primary,
114250000000,116000000000,Space Research (passive),primary,
116000000000,119980000000,Earth Exploration-Satellite (passive),primary,
116000000000,119980000000,Inter-Satellite,primary,
119980000000,120020000000,Earth Exploration-Satellite (passive),primary,
119980000000,120020000000,Inter-Satellite,primary,
120020000000,122250000000,Earth Exploration-Satellite (passive),primary,
120020000000,122250000000,Inter-Satellite,primary,
120020000000,122250000000,Space Research (passive),primary,
122250000000,123000000000,Fixed,primary,
122250000000,123000000000,Inter-Satellite,primary,
122250000000,123000000000,Mobile,primary,
122250000000,123000000000,Amateur,secondary,
122250000000,123000000000,Amateur-Satellite,secondary,
123000000000,130000000000,Fixed-Satellite (space-to-Earth),primary,
123000000000,130000000000,Mobile-Satellite (space-to-Earth),primary,
123000000000,130000000000,Radionavigation,primary,
123000000000,130000000000,Radionavigation-Satellite,primary,
123000000000,130000000000,Radio Astronomy,primary,
130000000000,134000000000,Earth Exploration-Satellite (active),primary,
130000000000,134000000000,Fixed,primary,
130000000000,134000000000,Inter-Satellite,primary,
130000000000,134000000000,Mobile,primary,
130000000000,134000000000,Radio Astronomy,primary,
134000000000,136000000000,Amateur,primary,
134000000000,136000000000,Amateur-Satellite,primary,
134000000000,136000000000,Radio Astronomy,secondary,
136000000000,141000000000,Radio Astronomy,primary,
136000000000,141000000000,Radiolocation,primary,
136000000000,141000000000,Amateur,secondary,
136000000000,141000000000,Amateur-Satellite,secondary,
141000000000,148500000000,Fixed,primary,
141000000000,148500000000,Mobile,primary,
141000000000,148500000000,Radio Astronomy,primary,
141000000000,148500000000,Radiolocation,primary,
148500000000,151500000000,Earth Exploration-Satellite (passive),primary,
148500000000,151500000000,Radio Astronomy,primary,
148500000000,151500000000,Space Research (passive),primary,
151500000000,155500000000,Fixed,primary,
151500000000,155500000000,Mobile,primary,
151500000000,155500000000,Radio Astronomy,primary,
151500000000,155500000000,Radiolocation,primary,
155500000000,158500000000,Earth Exploration-Satellite (passive),primary,
155500000000,158500000000,Fixed,primary,
155500000000,158500000000,Mobile,primary,
155500000000,158500000000,Radio Astronomy,primary,
155500000000,158500000000,Space Research (passive),primary,
158500000000,164000000000,Fixed,primary,
158500000000,164000000000,Fixed-Satellite (space-to-Earth),primary,
158500000000,164000000000,Mobile,primary,
158500000000,164000000000,Mobile-Satellite (space-to-Earth),primary,
164000000000,167000000000,Earth Exploration-Satellite (passive),primary,
164000000000,167000000000,Radio Astronomy,primary,
164000000000,167000000000,Space Research (passive),primary,
167000000000,174500000000,Fixed,primary,
167000000000,174500000000,Fixed-Satellite (space-to-Earth),primary,
167000000000,174500000000,Inter-Satellite,primary,
167000000000,174500000000,Mobile,primary,
174500000000,174800000000,Fixed,primary,
174500000000,174800000000,Inter-Satellite,primary,
174500000000,174800000000,Mobile,primary,
174800000000,182000000000,Earth Exploration-Satellite (passive),primary,
174800000000,182000000000,Inter-Satellite,primary,
174800000000,182000000000,Space Research (passive),primary,
182000000000,185000000000,Earth Exploration-Satellite (passive),primary,
182000000000,185000000000,Radio Astronomy,primary,
182000000000,185000000000,Space Research (passive),primary,
185000000000,190000000000,Earth Exploration-Satellite (passive),primary,
185000000000,190000000000,Inter-Satellite,primary,
185000000000,190000000000,Space Research (passive),primary,
190000000000,191800000000,Earth Exploration-Satellite (passive),primary,
190000000000,191800000000,Space Research (passive),primary,
191800000000,200000000000,Fixed,primary,
191800000000,200000000000,Inter-Satellite,primary,
191800000000,200000000000,Mobile,primary,
191800000000,200000000000,Mobile-Satellite,primary,
191800000000,200000000000,Radionavigation,primary,
191800000000,200000000000,Radionavigation-Satellite,primary,
200000000000,202000000000,Earth Exploration-Satellite (passive),primary,
200000000000,202000000000,Radio Astronomy,primary,
200000000000,202000000000,Space Research (passive),primary,
202000000000,209000000000,Earth Exploration-Satellite (passive),primary,
202000000000,209000000000,Radio Astronomy,primary,
202000000000,209000000000,Space Research (passive),primary,
209000000000,217000000000,Fixed,primary,
209000000000,217000000000,Fixed-Satellite (Earth-to-space),primary,
209000000000,217000000000,Mobile,primary,
209000000000,217000000000,Radio Astronomy,primary,
217000000000,226000000000,Fixed,primary,
217000000000,226000000000,Fixed-Satellite (Earth-to-space),primary,
217000000000,226000000000,Mobile,primary,
217000000000,226000000000,Radio Astronomy,primary,
217000000000,226000000000,Space Research (passive),primary,
226000000000,231500000000,Earth Exploration-Satellite (passive),primary,
226000000000,231500000000,Radio Astronomy,primary,
226000000000,231500000000,Space Research (passive),primary,
231500000000,232000000000,Fixed,primary,
231500000000,232000000000,Fixed-Satellite (space-to-Earth),primary,
231500000000,232000000000,Radiolocation,secondary,
232000000000,235000000000,Fixed,primary,
232000000000,235000000000,Fixed-Satellite (space-to-Earth),primary,
232000000000,235000000000,Mobile,primary,
232000000000,235000000000,Radiolocation,secondary,
235000000000,238000000000,Earth Exploration-Satellite (passive),primary,
235000000000,238000000000,Fixed-Satellite (space-to-Earth),primary,
235000000000,238000000000,Space Research (passive),primary,
238000000000,240000000000,Fixed,primary,
238000000000,240000000000,Fixed-Satellite (space-to-Earth),primary,
238000000000,240000000000,Mobile,primary,
238000000000,240000000000,Radiolocation,primary,
238000000000,240000000000,Radionavigation,primary,
238000000000,240000000000,Radionavigation-Satellite,primary,
240000000000,241000000000,Fixed,primary,
240000000000,241000000000,Mobile,primary,
240000000000,241000000000,Radiolocation,primary,
241000000000,248000000000,Radio Astronomy,primary,
241000000000,248000000000,Radiolocation,primary,
241000000000,248000000000,Amateur,secondary,
241000000000,248000000000,Amateur-Satellite,secondary,
248000000000,250000000000,Amateur,primary,
248000000000,250000000000,Amateur-Satellite,primary,
248000000000,250000000000,Radio Astronomy,secondary,
250000000000,252000000000,Earth Exploration-Satellite (passive),primary,
250000000000,252000000000,Radio Astronomy,primary,
250000000000,252000000000,Space Research (passive),primary,
252000000000,265000000000,Fixed,primary,
252000000000,265000000000,Mobile,primary,
252000000000,265000000000,Mobile-Satellite (Earth-to-space),primary,
252000000000,265000000000,Radio Astronomy,primary,
252000000000,265000000000,Radionavigation,primary,
252000000000,265000000000,Radionavigation-Satellite,primary,
265000000000,275000000000,Fixed,primary,
265000000000,275000000000,Fixed-Satellite (Earth-to-space),primary,
265000000000,275000000000,Mobile,primary,
265000000000,275000000000,Radio Astronomy,primary,
275000000000,3000000000000,Not allocated,primary,
